CID,zCMB,zHD,RA_deg,DEC_deg,l_gal_deg,b_gal_deg,r_Mpc_h,delta_endpoint
2009an,0.009210,0.010260,185.69700,65.85120,127.5828,51.0175,27.551,1.07452
2009an,0.009210,0.010260,185.69700,65.85120,127.5828,51.0175,27.551,1.07452
1999ac,0.009790,0.010170,241.81200,7.97230,19.8826,39.9437,29.282,-0.72067
1999ac,0.009790,0.010170,241.81200,7.97230,19.8826,39.9437,29.282,-0.72067
2004S,0.009800,0.010420,101.43100,-31.23120,240.7864,-14.7970,29.312,0.81310
ASASSN-16jf,0.010400,0.010960,339.24700,-25.23200,28.8340,-59.8650,31.102,0.08293
2013E,0.010420,0.010160,150.02300,-34.23370,267.0527,16.4415,31.161,5.40543
1997do,0.010480,0.010730,111.67700,47.09330,171.0006,25.2691,31.340,-0.46122
2010ko,0.010960,0.011220,83.20600,-14.09610,217.1904,-23.6639,32.772,0.99656
2013ex,0.010960,0.011220,83.19420,-14.04590,217.1352,-23.6542,32.772,0.99656
2013ex,0.010960,0.011220,83.19420,-14.04590,217.1352,-23.6542,32.772,0.99656
2010Y,0.011420,0.012330,162.76600,65.77970,140.4979,47.0329,34.144,0.77172
2011ao,0.011680,0.011950,178.46300,33.36290,182.7938,76.1066,34.919,0.09893
2009ab,0.011890,0.011550,64.15160,2.76420,190.1261,-32.2705,35.545,1.06455
2002ha,0.012200,0.012580,311.82700,0.31270,47.3971,-25.3748,36.469,0.20569
2002ha,0.012200,0.012580,311.82700,0.31270,47.3971,-25.3748,36.469,0.20569
2017cfd,0.012220,0.013040,130.20400,73.48750,140.5760,33.5986,36.529,1.67693
AT2017cfd,0.012220,0.013040,130.20400,73.48750,140.5760,33.5986,36.529,1.67693
iPTF13ebh,0.012380,0.011140,35.49990,33.27050,143.8941,-25.8884,37.005,2.66604
iPTF13ebh,0.012380,0.011140,35.49990,33.27050,143.8941,-25.8884,37.005,2.66604
2009kk,0.012440,0.012200,57.43450,-3.26440,191.6026,-41.2163,37.184,1.50572
2009kq,0.012470,0.012590,129.06300,28.06710,195.9964,34.1465,37.274,-0.39809
2009kq,0.012470,0.012590,129.06300,28.06710,195.9964,34.1465,37.274,-0.39809
2008R,0.012600,0.012460,45.97380,-11.99430,193.4893,-55.4795,37.661,1.23146
2001cz,0.012750,0.012130,191.87600,-39.58000,302.1067,23.2854,38.108,7.89818
2007hj,0.012880,0.013250,345.44900,15.58650,87.7505,-39.6798,38.495,0.24170
2007hj,0.012880,0.013250,345.44900,15.58650,87.7505,-39.6798,38.495,0.24170
2007hj,0.012880,0.013250,345.44900,15.58650,87.7505,-39.6798,38.495,0.24170
2001ep,0.013060,0.012830,74.25110,-4.76120,203.6038,-27.5500,39.032,2.86479
2001ep,0.013060,0.012830,74.25110,-4.76120,203.6038,-27.5500,39.032,2.86479
2013gy,0.013090,0.013030,55.57030,-4.72180,191.8462,-43.5721,39.121,1.39032
2013gy,0.013090,0.013030,55.57030,-4.72180,191.8462,-43.5721,39.121,1.39032
1997E,0.013140,0.013760,101.90900,74.49750,140.2014,25.8138,39.270,2.32385
2008hv,0.013600,0.013750,136.89200,3.39230,226.6595,31.6146,40.640,0.59669
2008hv,0.013600,0.013750,136.89200,3.39230,226.6595,31.6146,40.640,0.59669
2008hv,0.013600,0.013750,136.89200,3.39230,226.6595,31.6146,40.640,0.59669
2007cv,0.013610,0.013860,159.43900,-27.08250,269.5437,26.9866,40.670,6.67578
2005kc,0.013860,0.014420,338.53100,5.56840,72.3383,-43.4131,41.415,-0.17435
2005kc,0.013860,0.014420,338.53100,5.56840,72.3383,-43.4131,41.415,-0.17435
1999dk,0.014000,0.013890,22.86220,14.28490,137.3491,-47.4637,41.832,-0.19075
1999dk,0.014000,0.013890,22.86220,14.28490,137.3491,-47.4637,41.832,-0.19075
2011df,0.014020,0.014930,291.89000,54.38650,86.0049,16.8192,41.891,-0.29411
ASASSN-16dn,0.014060,0.014110,162.20600,-20.26390,267.6607,34.0774,42.010,3.56747
2001bt,0.014070,0.012790,288.44500,-59.28970,337.3248,-25.8665,42.040,5.89673
2006N,0.014160,0.014460,92.13020,64.72360,149.4429,19.9732,42.308,2.18617
2004eo,0.014200,0.014600,308.22600,9.92850,54.1679,-17.2743,42.427,1.06153
2003gt,0.014220,0.014620,308.24600,9.87200,54.1292,-17.3214,42.487,1.06153
ASASSN-16la,0.014240,0.014240,37.32260,18.08790,153.3353,-38.9385,42.546,0.22683
2013fa,0.014290,0.014720,310.97300,12.51440,57.9916,-18.0961,42.695,0.99480
1992al,0.014340,0.013880,311.48500,-51.39440,347.3370,-38.4897,42.844,1.58900
2001fe,0.014480,0.014670,144.48800,25.49480,203.6997,46.8794,43.261,-0.11823
PSNJ2043531,0.014490,0.014920,310.97200,12.50850,57.9859,-18.0986,43.291,1.09622
2013gq,0.014570,0.014530,124.47300,23.46960,199.7085,28.8359,43.529,0.43489
2000dm,0.014720,0.014840,274.74600,16.24820,44.0762,14.3695,43.976,0.78694
2005el,0.014830,0.014990,77.95300,5.19430,196.1840,-19.3894,44.303,1.18728
2005el,0.014830,0.014990,77.95300,5.19430,196.1840,-19.3894,44.303,1.18728
2011im,0.014930,0.015490,341.10500,-0.16720,69.1285,-49.2965,44.601,0.54352
2005de,0.014950,0.015190,270.59700,26.05210,52.0241,21.7207,44.660,1.08876
2005bo,0.015030,0.014630,192.42100,-11.09650,302.2365,51.7729,44.898,6.16974
2005bo,0.015030,0.014630,192.42100,-11.09650,302.2365,51.7729,44.898,6.16974
2006td,0.015040,0.014500,29.56570,36.34940,137.6843,-24.6007,44.928,5.84616
2008ec,0.015060,0.015620,345.81900,8.87220,83.1016,-45.4704,44.988,0.82082
2008ec,0.015060,0.015620,345.81900,8.87220,83.1016,-45.4704,44.988,0.82082
2007ca,0.015090,0.014420,202.77400,-15.10180,316.9559,46.6872,45.077,1.23224
2007ca,0.015090,0.014420,202.77400,-15.10180,316.9559,46.6872,45.077,1.23224
2007ca,0.015090,0.014420,202.77400,-15.10180,316.9559,46.6872,45.077,1.23224
2001cn,0.015090,0.015150,281.57400,-65.76160,329.6409,-24.0535,45.077,5.35861
ATLAS16cxr,0.015180,0.015420,272.02700,25.40880,51.8733,20.2877,45.345,1.62069
ASASSN-16ad,0.015220,0.015290,24.88360,33.82680,134.2338,-27.9872,45.464,5.99222
2009nq,0.015270,0.015760,348.82100,19.02290,93.5439,-38.3006,45.613,0.35177
SN2017jl,0.015290,0.015250,14.38290,30.18520,124.4962,-32.6680,45.672,4.12283
2001en,0.015340,0.015500,21.34540,34.02510,130.9178,-28.3198,45.821,6.56478
2001en,0.015340,0.015500,21.34540,34.02510,130.9178,-28.3198,45.821,6.56478
1999ej,0.015340,0.015500,20.73910,33.46610,130.4414,-28.9457,45.821,6.56478
1999ej,0.015340,0.015500,20.73910,33.46610,130.4414,-28.9457,45.821,6.56478
2002cs,0.015380,0.015900,281.75000,45.70550,75.0304,19.7800,45.940,-0.11911
2008eo,0.015390,0.015650,10.46680,32.99030,120.6184,-29.8385,45.970,3.01502
2001bf,0.015560,0.015810,270.39200,26.25060,52.1549,21.9626,46.476,1.48132
2001bf,0.015560,0.015810,270.39200,26.25060,52.1549,21.9626,46.476,1.48132
iPTF16auf,0.015660,0.015430,217.78800,27.23600,38.9719,67.8614,46.773,1.04577
2013fw,0.015700,0.016560,318.43700,13.57600,63.4906,-23.3468,46.892,0.86161
2008bc,0.015720,0.015460,144.63000,-63.97380,283.6038,-8.6041,46.952,0.19674
1999aa,0.015790,0.015900,126.92500,21.48740,202.7247,30.3129,47.160,1.47566
ASASSN-15oh,0.015790,0.015870,337.67500,39.29320,95.3054,-15.9124,47.160,2.20518
1999aa,0.015790,0.015900,126.92500,21.48740,202.7247,30.3129,47.160,1.47566
iPTF13dge,0.015810,0.016620,75.89620,1.57150,198.3920,-23.0093,47.220,2.96860
2001V,0.015920,0.015570,179.35400,25.20250,218.9282,77.7329,47.547,0.16742
2001V,0.015920,0.015570,179.35400,25.20250,218.9282,77.7329,47.547,0.16742
2010kg,0.015950,0.016520,70.03500,7.35000,189.6280,-24.8431,47.636,1.63036
PSNJ0107203,0.016010,0.016820,16.83460,32.39970,126.8212,-30.3519,47.815,5.94297
1998ef,0.016100,0.016900,15.86200,32.23680,125.8814,-30.5662,48.082,5.95129
1998ef,0.016100,0.016900,15.86200,32.23680,125.8814,-30.5662,48.082,5.95129
2013Q,0.016120,0.016570,356.78300,29.48650,106.5404,-31.3302,48.142,1.37869
1994S,0.016190,0.015880,187.84100,29.13440,187.3781,85.1416,48.350,-0.09200
2007ss,0.016190,0.016520,190.27500,50.39130,127.0920,66.6534,48.350,0.12318
2005al,0.016290,0.015780,207.50100,-30.57620,317.5808,30.6241,48.648,7.54263
2013hn,0.016290,0.015780,207.24700,-30.29070,317.4209,30.9567,48.648,7.54263
SN2016gfr,0.016300,0.016710,274.89800,23.78620,51.3147,17.2600,48.677,2.70434
ASASSN-16ip,0.016320,0.016780,36.84070,-23.92870,209.8756,-68.1589,48.737,-0.14669
2007fs,0.016330,0.016660,330.41800,-21.50820,31.7246,-51.0985,48.767,0.16946
iPTF14bdn,0.016360,0.016030,202.68700,32.76180,68.8038,79.7975,48.856,0.75320
2004fz,0.016460,0.017430,30.27670,31.87890,139.7773,-28.7037,49.153,4.21734
2000dk,0.016490,0.017300,16.84800,32.40640,126.8337,-30.3445,49.243,5.90562
2000dk,0.016490,0.017300,16.84800,32.40640,126.8337,-30.3445,49.243,5.90562
2001da,0.016580,0.017180,358.38700,8.11740,99.1997,-52.0667,49.510,1.44832
2001da,0.016580,0.017180,358.38700,8.11740,99.1997,-52.0667,49.510,1.44832
1997Y,0.016610,0.017050,191.38100,54.73810,124.7725,62.3690,49.600,0.66621
ASASSN-15ti,0.016710,0.016920,46.28580,37.90000,150.0986,-17.8190,49.897,6.43123
1996bv,0.016730,0.016990,94.05420,57.05250,157.3363,17.9720,49.956,-0.20622
ASASSN-15od,0.016780,0.016980,35.80490,-4.51720,171.0485,-58.5325,50.105,0.82310
2007fb,0.016800,0.017330,359.21800,5.50880,98.9012,-54.7969,50.165,1.41653
2007fb,0.016800,0.017330,359.21800,5.50880,98.9012,-54.7969,50.165,1.41653
2006ef,0.016940,0.017340,31.08130,-8.72840,169.4569,-64.7915,50.581,1.73924
ASASSN-15kx,0.016970,0.017200,334.04900,37.47380,91.7980,-15.8407,50.670,2.87456
2008C,0.017090,0.017370,104.29800,20.43710,195.1720,10.3789,51.027,0.53023
2008C,0.017090,0.017370,104.29800,20.43710,195.1720,10.3789,51.027,0.53023
1998V,0.017180,0.017520,275.65600,15.70210,43.9417,13.3465,51.295,1.26500
2008L,0.017340,0.017780,49.31940,41.38270,150.2415,-13.6284,51.770,13.06007
2008L,0.017340,0.017780,49.31940,41.38270,150.2415,-13.6284,51.770,13.06007
2009le,0.017390,0.017840,32.32140,-23.41240,205.3127,-72.0328,51.919,-0.15107
2009le,0.017390,0.017840,32.32140,-23.41240,205.3127,-72.0328,51.919,-0.15107
2013gs,0.017480,0.017760,142.78700,46.38480,173.0217,46.3986,52.187,0.19164
2000dr,0.017650,0.017900,15.43350,-15.56920,135.1414,-78.1962,52.692,0.30931
2006ax,0.017740,0.017470,171.01400,-12.29140,271.8444,45.2407,52.960,1.16432
2006ax,0.017740,0.017470,171.01400,-12.29140,271.8444,45.2407,52.960,1.16432
2007as,0.017910,0.018020,141.90000,-80.17760,294.7882,-20.7118,53.465,0.85119
ASASSN-17co,0.017910,0.018260,272.33600,18.29830,45.0459,17.3069,53.465,1.53895
PS15coh,0.017960,0.018390,33.99350,12.23720,153.1781,-45.6117,53.613,0.54373
1992bo,0.018050,0.018080,20.49250,-34.21200,261.9994,-80.3484,53.881,2.59489
2011fs,0.018220,0.018750,334.33100,35.58060,90.8432,-17.5137,54.386,4.05552
2011fs,0.018220,0.018750,334.33100,35.58060,90.8432,-17.5137,54.386,4.05552
2008hs,0.018350,0.019750,36.37340,41.84310,141.1097,-17.6848,54.773,5.01366
2008hs,0.018350,0.019750,36.37340,41.84310,141.1097,-17.6848,54.773,5.01366
ASASSN-16cs,0.018390,0.019050,102.65300,31.11240,184.6168,13.4661,54.891,1.38703
2016ffh,0.018510,0.018650,227.95600,46.25100,77.0050,56.4004,55.248,0.70261
ATLAS16cpu,0.018510,0.018650,227.95600,46.25100,77.0050,56.4004,55.248,0.70261
2016W,0.018550,0.019950,37.66550,42.23600,141.8818,-16.9555,55.367,5.51406
2002jy,0.018700,0.020240,20.31780,40.49870,129.0439,-22.0187,55.813,0.91982
2000cu,0.019020,0.018660,291.08700,-25.98460,12.5086,-18.3165,56.763,0.47192
2010ai,0.019180,0.018260,194.85000,27.99640,59.5862,88.0334,57.239,0.94077
2009gf,0.019250,0.018550,213.90500,14.28020,3.9341,66.5534,57.447,0.88785
2009gf,0.019250,0.018550,213.90500,14.28020,3.9341,66.5534,57.447,0.88785
2006ej,0.019260,0.020230,9.74900,-9.01570,113.1307,-71.6503,57.476,3.00343
2006ej,0.019260,0.020230,9.74900,-9.01570,113.1307,-71.6503,57.476,3.00343
2006ej,0.019260,0.020230,9.74900,-9.01570,113.1307,-71.6503,57.476,3.00343
2006ej,0.019260,0.020230,9.74900,-9.01570,113.1307,-71.6503,57.476,3.00343
2002kf,0.019480,0.020010,99.31380,49.85280,165.5867,18.2439,58.130,3.17958
2006kf,0.019550,0.019470,55.46030,8.15690,178.5471,-35.7172,58.338,0.28484
2006kf,0.019550,0.019470,55.46030,8.15690,178.5471,-35.7172,58.338,0.28484
1992bc,0.019760,0.020060,46.31690,-39.55960,245.6938,-59.6389,58.961,0.20318
SN2016ajf,0.019780,0.021340,49.97710,41.56500,150.5626,-13.2058,59.021,7.74316
2001dl,0.019830,0.020490,320.25700,9.18070,60.8399,-27.4420,59.169,-0.32290
2007au,0.019920,0.019760,107.94200,49.85370,167.3991,23.5400,59.437,6.20182
AT2016eoa,0.019930,0.021060,5.34610,22.43540,113.8668,-39.9068,59.466,1.59533
ASASSN-16lc,0.020010,0.020960,292.25200,-51.97100,345.7827,-26.6575,59.704,1.04635
ASASSN-17bs,0.020140,0.020560,268.02600,21.56600,46.5969,22.3029,60.090,0.89942
2018fop,0.020170,0.021510,18.82550,-6.85900,139.6313,-68.9535,60.179,1.14478
2016hpw,0.020190,0.020340,317.28300,-18.10390,30.6278,-38.3089,60.238,-0.68595
ATLAS16dqf,0.020190,0.020340,317.28300,-18.10390,30.6278,-38.3089,60.238,-0.68595
2009ds,0.020330,0.020190,177.26700,-9.72910,278.5044,50.1611,60.654,2.46106
2009ds,0.020330,0.020190,177.26700,-9.72910,278.5044,50.1611,60.654,2.46106
PSNJ1602512,0.020390,0.020520,240.71400,47.22480,74.4314,47.7547,60.832,1.36046
2001br,0.020460,0.020900,277.60700,34.10360,62.3232,18.8522,61.040,0.61442
2007st,0.020610,0.020560,27.17700,-48.64940,279.4573,-65.7859,61.485,2.40059
2005ki,0.020660,0.020350,160.11800,9.20230,236.8038,54.2794,61.634,-0.08671
2005ki,0.020660,0.020350,160.11800,9.20230,236.8038,54.2794,61.634,-0.08671
2005ki,0.020660,0.020350,160.11800,9.20230,236.8038,54.2794,61.634,-0.08671
2010A,0.020790,0.020810,38.16440,0.61950,168.3085,-53.0931,62.020,2.38973
2003W,0.020870,0.020820,146.70600,16.04380,217.6827,45.9331,62.257,-0.08134
2003W,0.020870,0.020820,146.70600,16.04380,217.6827,45.9331,62.257,-0.08134
ASASSN-16lg,0.020930,0.021160,267.05100,17.62560,42.2885,21.6627,62.435,0.85599
ASASSN-15uv,0.021040,0.021530,126.78400,27.81160,195.6407,32.1390,62.762,0.32383
ASASSN-15lg,0.021210,0.020440,198.88700,3.50070,317.6757,65.6799,63.266,0.81186
2006et,0.021400,0.021830,10.69090,-23.55840,93.6936,-85.9278,63.830,0.05494
2006et,0.021400,0.021830,10.69090,-23.55840,93.6936,-85.9278,63.830,0.05494
2008Z,0.021460,0.021180,145.81400,36.28440,187.8429,49.3501,64.008,0.53071
2008Z,0.021460,0.021180,145.81400,36.28440,187.8429,49.3501,64.008,0.53071
ASASSN-18da,0.021570,0.021700,52.31940,-23.97860,216.8743,-54.4039,64.334,-0.50210
2006dm,0.021610,0.022280,355.44900,-3.66900,84.5694,-61.2412,64.453,1.94498
2006dm,0.021610,0.022280,355.44900,-3.66900,84.5694,-61.2412,64.453,1.94498
2009dc,0.021790,0.021370,237.80100,25.70780,41.4433,49.9427,64.987,-0.09512
2000fa,0.021810,0.022400,108.87400,23.42840,194.1668,15.4778,65.046,-0.35898
2000fa,0.021810,0.022400,108.87400,23.42840,194.1668,15.4778,65.046,-0.35898
2007bc,0.021870,0.021310,169.81100,20.80900,224.6701,68.0505,65.224,2.85434
2007bc,0.021870,0.021310,169.81100,20.80900,224.6701,68.0505,65.224,2.85434
2007bc,0.021870,0.021310,169.81100,20.80900,224.6701,68.0505,65.224,2.85434
1995ak,0.021930,0.022030,41.45350,3.23060,169.6577,-48.9817,65.402,3.97992
ASASSN-18iu,0.022020,0.022070,269.41800,50.03860,77.4417,28.8406,65.669,0.43694
2004bw,0.022070,0.021160,225.94500,-3.30460,354.4823,45.9026,65.818,-0.23182
2009na,0.022090,0.022050,161.75600,26.54390,206.9474,62.3114,65.877,1.63362
2004bg,0.022140,0.022340,170.25600,21.33980,223.7226,68.6266,66.025,2.85434
2004bg,0.022140,0.022340,170.25600,21.33980,223.7226,68.6266,66.025,2.85434
2002cu,0.022170,0.022360,272.71000,31.10900,57.8220,21.7075,66.114,1.24817
ASASSN-15tz,0.022200,0.023650,40.28700,43.68020,143.0922,-14.8553,66.203,3.43461
PS15cku,0.022220,0.023250,21.09390,3.58760,138.7040,-58.2719,66.263,-0.58788
2002ef,0.022240,0.022730,357.87300,-13.37960,74.4322,-70.3728,66.322,0.04125
2006bq,0.022260,0.022700,279.99500,39.98240,68.8530,19.0912,66.381,0.63705
ATLAS16dpb,0.022380,0.022150,44.39190,5.97820,170.2757,-44.9881,66.737,4.13313
2001cp,0.022450,0.021980,257.76100,5.84110,26.4824,24.9582,66.945,2.05215
ASASSN-16bn,0.022530,0.022410,47.64370,4.26970,175.2304,-44.0253,67.182,3.54129
ASASSN-17aj,0.022530,0.022550,173.29400,-10.22180,273.3585,48.1051,67.182,2.47178
2008ia,0.022570,0.022310,132.64700,-61.27790,277.8072,-10.8015,67.301,0.85587
2000cn,0.022600,0.022980,269.41800,27.83280,53.4449,23.3185,67.390,1.06072
2000cn,0.022600,0.022980,269.41800,27.83280,53.4449,23.3185,67.390,1.06072
ASASSN-14fa,0.022620,0.023160,43.09610,-31.82170,230.3862,-63.3503,67.449,1.86439
1999dg,0.022630,0.021970,227.86800,13.48490,17.3428,54.6065,67.479,0.19977
2007qe,0.022800,0.023570,358.55400,27.40930,107.6342,-33.7569,67.983,2.21795
2007qe,0.022800,0.023570,358.55400,27.40930,107.6342,-33.7569,67.983,2.21795
2004at,0.022870,0.023210,164.68800,59.48670,146.0080,52.2965,68.190,-0.50774
SNF20080514-002,0.022920,0.022190,202.30300,11.27240,333.9926,71.8278,68.339,3.64134
2007ci,0.022950,0.023310,176.44100,19.77050,235.5036,73.2585,68.428,6.19135
2007ci,0.022950,0.023310,176.44100,19.77050,235.5036,73.2585,68.428,6.19135
ASASSN-16em,0.022960,0.023900,203.05700,84.67830,121.8181,32.3615,68.457,0.25064
2006sr,0.023070,0.023880,0.89590,23.19620,108.8680,-38.3652,68.784,1.07575
ASASSN-15nr,0.023090,0.023440,261.67400,13.90980,36.3459,24.9493,68.843,0.06074
2009cz,0.023150,0.023430,138.75000,29.73530,196.3619,42.7819,69.021,2.47167
2009cz,0.023150,0.023430,138.75000,29.73530,196.3619,42.7819,69.021,2.47167
2014ai,0.023170,0.023130,139.93400,33.76370,191.0719,44.3837,69.080,3.58431
2009jb,0.023240,0.023070,260.92500,30.49730,53.8123,31.1894,69.288,-0.20179
2009al,0.023280,0.023420,162.84200,8.57850,240.4451,56.0999,69.406,1.16422
2009al,0.023280,0.023420,162.84200,8.57850,240.4451,56.0999,69.406,1.16422
2009al,0.023280,0.023420,162.84200,8.57850,240.4451,56.0999,69.406,1.16422
ATLAS17bas,0.023310,0.023570,166.89800,22.85140,217.4918,66.1283,69.495,1.54765
2006cp,0.023340,0.022390,184.81200,22.42730,243.9481,81.3155,69.584,2.93467
2006cp,0.023340,0.022390,184.81200,22.42730,243.9481,81.3155,69.584,2.93467
ASASSN-15sf,0.023490,0.024320,2.86500,-6.42730,96.4787,-67.2228,70.029,0.59193
2017hoq,0.023500,0.023030,79.83450,-17.61160,219.3895,-28.0181,70.058,0.26138
1998eg,0.023580,0.024010,339.87600,8.60590,76.4635,-42.0600,70.296,1.57251
2010cr,0.023680,0.022950,202.35400,11.79620,334.9426,72.2650,70.592,4.19433
ASASSN-15il,0.023740,0.022950,239.28400,-12.67330,357.5533,29.9003,70.770,0.41653
AT2017cfb,0.023820,0.022660,208.52800,9.41280,345.7468,66.9192,71.007,3.19041
PS16ccn,0.023950,0.024570,273.12200,31.27990,58.1218,21.4324,71.392,1.61354
2006ac,0.023950,0.024320,190.43700,35.06860,136.9587,81.7941,71.392,1.59801
2006ac,0.023950,0.024320,190.43700,35.06860,136.9587,81.7941,71.392,1.59801
ASASSN-15jt,0.023960,0.023900,197.03800,27.82640,44.5569,86.2279,71.422,10.86504
2003he,0.024040,0.024910,359.73800,-2.24810,93.9077,-62.1252,71.659,0.99826
2004bk,0.024050,0.023520,204.37000,4.10310,330.4539,64.4860,71.689,3.58747
ASASSN-16hz,0.024060,0.024660,348.94000,-1.33960,77.2569,-55.4863,71.718,0.95529
2003it,0.024130,0.025100,1.45200,27.45270,110.6610,-34.3294,71.926,2.66385
2005bg,0.024140,0.024340,184.32200,16.37160,264.8524,76.6472,71.955,1.74901
2007F,0.024200,0.024170,195.81300,50.61880,118.2477,66.4019,72.133,-0.15202
2007F,0.024200,0.024170,195.81300,50.61880,118.2477,66.4019,72.133,-0.15202
2000bh,0.024210,0.024120,185.31300,-21.99880,293.7401,40.3336,72.163,0.07707
2010ao,0.024220,0.023690,205.92100,3.90000,333.4420,63.6331,72.192,3.82640
AT2016bln,0.024250,0.024290,203.68900,13.85390,342.3768,73.3140,72.281,4.20808
2004br,0.024260,0.024640,187.78300,0.61320,291.6776,63.0404,72.311,0.32924
1994M,0.024260,0.024640,187.78600,0.60540,291.6871,63.0332,72.311,0.49335
2010gp,0.024360,0.024110,253.23900,2.38790,20.7127,27.2901,72.607,0.91000
PS1-14xw,0.024360,0.024110,253.24000,2.39350,20.7188,27.2919,72.607,0.91000
2011dn,0.024430,0.025130,299.64800,2.60450,43.1279,-13.6552,72.815,0.62983
1993H,0.024500,0.024280,208.20900,-30.70790,318.2211,30.3345,73.022,1.55430
2018enc,0.024500,0.023540,229.86900,-9.88060,352.1565,38.4551,73.022,1.44870
2008bf,0.024510,0.024620,181.01200,20.24520,242.8244,77.1628,73.052,5.73176
2008bf,0.024510,0.024620,181.01200,20.24520,242.8244,77.1628,73.052,5.73176
2008bf,0.024510,0.024620,181.01200,20.24520,242.8244,77.1628,73.052,5.73176
2000ca,0.024540,0.023910,203.84600,-34.16030,313.2043,27.8333,73.141,0.82849
2002he,0.024690,0.025190,124.99500,62.82030,153.6099,33.9738,73.585,1.05919
2002he,0.024690,0.025190,124.99500,62.82030,153.6099,33.9738,73.585,1.05919
PSNJ0153424,0.024740,0.025560,28.42670,29.93630,138.6786,-31.0243,73.733,-0.50231
2009D,0.024760,0.024530,58.59510,-19.18170,212.2395,-47.4357,73.792,0.05166
2009D,0.024760,0.024530,58.59510,-19.18170,212.2395,-47.4357,73.792,0.05166
2009D,0.024760,0.024530,58.59510,-19.18170,212.2395,-47.4357,73.792,0.05166
2007cq,0.024810,0.025100,333.66800,5.08030,67.3224,-40.2923,73.941,-0.13911
2007cq,0.024810,0.025100,333.66800,5.08030,67.3224,-40.2923,73.941,-0.13911
2007cq,0.024810,0.025100,333.66800,5.08030,67.3224,-40.2923,73.941,-0.13911
2001cj,0.024910,0.024940,200.43700,31.24680,66.6450,82.2106,74.237,3.36941
SN2017hn,0.024920,0.025570,196.91400,6.33760,314.1655,68.8549,74.266,0.71035
2002bf,0.024940,0.025250,153.92600,55.66850,156.4597,50.0843,74.326,0.00245
2002bf,0.024940,0.025250,153.92600,55.66850,156.4597,50.0843,74.326,0.00245
AT2017cfc,0.024990,0.025120,208.16300,-2.00220,332.2004,57.3493,74.474,2.37257
370356,0.025000,0.025170,183.40600,46.48350,141.5507,69.2539,74.503,1.63110
2007sw,0.025000,0.025170,183.40400,46.49340,141.5427,69.2443,74.503,1.63110
2012bh,0.025000,0.025170,183.40600,46.48350,141.5507,69.2539,74.503,1.63110
PS15ahs,0.025220,0.025340,269.87400,43.39010,70.1034,27.2949,75.155,-0.41781
PSNJ2352371,0.025250,0.025960,358.15500,14.55250,102.2414,-45.9430,75.244,-0.08930
SN2017ms,0.025380,0.025910,156.67600,36.68050,186.3917,58.0461,75.629,0.62482
2018jjd,0.025470,0.025210,66.08350,-31.98740,232.3823,-43.9057,75.895,-0.82294
Gaia16agf,0.025530,0.025090,98.53730,-25.18460,234.0003,-14.7579,76.073,0.86404
ASASSN-15uu,0.025790,0.026320,25.98590,17.06260,140.5016,-44.0106,76.843,0.17375
ASASSN-16bq,0.025820,0.025340,212.86000,1.28600,342.8704,57.8153,76.932,2.78286
2005M,0.025840,0.025980,144.38500,23.20070,206.8957,46.2151,76.991,1.30501
2005M,0.025840,0.025980,144.38500,23.20070,206.8957,46.2151,76.991,1.30501
2005M,0.025840,0.025980,144.38500,23.20070,206.8957,46.2151,76.991,1.30501
1992ag,0.025920,0.025850,201.04100,-23.87880,312.4879,38.3850,77.228,1.55470
2005ms,0.025950,0.026690,132.31000,36.13000,186.8893,38.4831,77.317,1.01622
2005mc,0.025970,0.026260,126.77600,21.64600,202.4977,30.2359,77.376,-0.05486
2005mc,0.025970,0.026260,126.77600,21.64600,202.4977,30.2359,77.376,-0.05486
1999gp,0.026030,0.026910,37.91310,39.38120,143.2505,-19.5041,77.554,0.31239
1999gp,0.026030,0.026910,37.91310,39.38120,143.2505,-19.5041,77.554,0.31239
SN2017mf,0.026180,0.025980,214.12900,39.58640,73.5377,68.3935,77.998,0.46948
2002eb,0.026330,0.027310,334.77200,24.59440,84.0965,-26.5614,78.442,-0.53630
SNF20071021-000,0.026400,0.027140,3.74930,16.33500,110.3787,-45.6467,78.649,-0.43567
1992P,0.026430,0.027360,190.70400,10.36010,295.6160,73.1093,78.738,0.85343
ASASSN-17at,0.026430,0.027130,174.64000,25.39710,214.8702,73.5844,78.738,1.63643
2007co,0.026550,0.027310,275.76500,29.89710,57.5824,18.8186,79.093,-0.20574
2007co,0.026550,0.027310,275.76500,29.89710,57.5824,18.8186,79.093,-0.20574
2007co,0.026550,0.027310,275.76500,29.89710,57.5824,18.8186,79.093,-0.20574
2007su,0.026600,0.027400,334.78700,13.17790,75.5471,-35.3257,79.241,1.05908
ASASSN-16av,0.026760,0.027730,177.86800,22.02610,230.2007,75.4565,79.715,3.75900
ASASSN-15mf,0.026910,0.026950,213.59500,2.97550,345.8936,58.7472,80.159,3.00351
2010ii,0.027040,0.028050,339.55500,35.49170,94.5368,-19.9306,80.543,2.01069
2005na,0.027170,0.027480,105.40300,14.13330,201.3982,8.6062,80.928,1.60668
2005na,0.027170,0.027480,105.40300,14.13330,201.3982,8.6062,80.928,1.60668
2005na,0.027170,0.027480,105.40300,14.13330,201.3982,8.6062,80.928,1.60668
ASASSN-15fa,0.027210,0.027410,257.44200,62.97430,92.6868,35.4340,81.046,1.16601
2013fn,0.027240,0.027300,315.09900,-14.49780,33.8205,-35.0161,81.135,4.93985
2008ar,0.027320,0.028490,186.15800,10.83820,280.4857,72.5314,81.372,1.85794
2008ar,0.027320,0.028490,186.15800,10.83820,280.4857,72.5314,81.372,1.85794
2008ar,0.027320,0.028490,186.15800,10.83820,280.4857,72.5314,81.372,1.85794
PSNJ0252467,0.027480,0.028160,43.19460,46.94640,143.4972,-11.0227,81.845,3.72032
2006ev,0.027590,0.028100,322.74700,13.98920,66.7561,-26.3324,82.171,1.21747
2006gj,0.027700,0.028030,49.39920,-1.69170,183.1975,-46.7362,82.496,3.39049
2011hb,0.027750,0.028200,351.98100,8.77940,90.6202,-48.7822,82.644,1.09837
2002el,0.027780,0.028490,314.12500,-18.55950,28.7729,-35.6633,82.733,4.63146
SN2017ckx,0.027790,0.028580,117.04500,28.23070,192.2458,24.0699,82.763,1.09552
2003U,0.027940,0.028330,260.69000,62.16400,91.4685,34.0583,83.206,2.29117
AT2017ns,0.028020,0.028490,42.29320,14.60080,160.9328,-39.4300,83.443,1.48780
1998ab,0.028060,0.028730,192.19700,41.92450,124.8610,75.1938,83.561,0.10874
2009aa,0.028270,0.028190,170.92600,-22.27070,277.5546,36.2404,84.182,-0.18067
1993ah,0.028280,0.028880,357.95900,-27.96180,25.8813,-76.7705,84.212,5.26579
2004gs,0.028290,0.028570,129.59700,17.62770,207.9630,31.3117,84.241,-0.28260
2005eq,0.028310,0.028230,47.20550,-7.03320,187.6328,-51.7316,84.301,2.83198
2005eq,0.028310,0.028230,47.20550,-7.03320,187.6328,-51.7316,84.301,2.83198
2005eq,0.028310,0.028230,47.20550,-7.03320,187.6328,-51.7316,84.301,2.83198
2009ad,0.028340,0.028440,75.88910,6.65990,193.7114,-20.3668,84.389,1.48664
2009ad,0.028340,0.028440,75.88910,6.65990,193.7114,-20.3668,84.389,1.48664
PS16cvc,0.028440,0.029150,318.09700,14.77930,64.2978,-22.3452,84.685,1.58550
ASASSN-15la,0.028450,0.029020,213.21300,35.71120,64.3278,70.6794,84.715,2.42313
ASASSN-15fs,0.028500,0.029170,284.67000,43.46890,73.5775,17.0551,84.863,-0.31963
2013bs,0.028590,0.028660,259.34200,41.06670,65.8465,34.5623,85.129,2.16790
2006qo,0.028710,0.028980,120.03500,56.36880,161.3809,31.6830,85.483,4.61997
PSNJ0859349,0.028740,0.029380,134.89500,45.92590,174.3060,40.9938,85.572,1.12571
1996C,0.028750,0.029130,207.70200,49.31860,99.6254,65.0365,85.602,0.07519
LSQ12gdj,0.028860,0.029470,358.68100,-25.67610,36.2564,-77.2246,85.927,2.05198
2003ch,0.028950,0.029190,109.49100,9.69300,207.2198,10.2583,86.193,1.28354
ASASSN-16ay,0.028950,0.029380,108.05900,7.23950,208.8121,7.9017,86.193,1.61579
2000cw,0.028960,0.029490,356.85500,28.38770,106.2367,-32.4002,86.223,3.73915
ASASSN-16br,0.029000,0.029560,236.37600,-13.15280,354.8971,31.6486,86.341,-0.45708
Gaia16bba,0.029340,0.029900,15.39800,17.10130,126.4070,-45.7019,87.346,-0.54634
ASASSN-16hh,0.029350,0.029780,31.15590,21.58610,144.7278,-38.1685,87.376,1.36553
2007is,0.029530,0.028660,251.81100,40.24360,64.0940,40.1625,87.908,5.29998
1997dg,0.029620,0.029960,355.05900,26.20330,103.6154,-33.9836,88.174,3.29767
AT2016cyt,0.029650,0.030590,317.39900,15.12550,64.1432,-21.6008,88.262,1.90825
ASASSN-16es,0.029730,0.030470,177.72700,2.30690,270.0833,61.2570,88.499,-0.38552
2004ef,0.029780,0.030120,340.54200,19.99460,85.9216,-33.4273,88.647,0.28525
2004ef,0.029780,0.030120,340.54200,19.99460,85.9216,-33.4273,88.647,0.28525
2004ef,0.029780,0.030120,340.54200,19.99460,85.9216,-33.4273,88.647,0.28525
ASASSN-16hr,0.029800,0.030830,336.38200,38.98440,94.2555,-15.6291,88.706,0.62940
ATLAS17ajn,0.029880,0.029780,176.11100,-28.45740,285.5222,32.1394,88.942,0.79829
ASASSN-16fs,0.029900,0.029440,221.77700,11.59490,8.8100,58.7346,89.001,3.78664
ASASSN-16fo,0.029940,0.030360,203.14900,-5.27250,321.5314,56.1058,89.119,-0.61958
AT2017lm,0.030020,0.030310,45.38490,-15.01600,197.7673,-57.4490,89.356,2.37581
ASASSN-15uw,0.030040,0.030760,38.89300,-6.06290,177.2483,-57.4983,89.415,1.68944
PS15cwx,0.030070,0.030860,78.69920,7.05040,194.9181,-17.7907,89.504,3.32650
SNF20080909-030,0.030130,0.031100,330.45400,13.05530,71.7762,-32.4912,89.681,1.39521
ASASSN-15nq,0.030250,0.030230,259.33000,33.46210,56.8263,33.2185,90.035,0.73034
AT2017zd,0.030480,0.029690,203.17600,-21.80110,315.4801,40.0630,90.715,1.58628
2002de,0.030500,0.029500,244.12700,35.70840,57.3660,45.9145,90.774,3.47705
ASASSN-16aj,0.030530,0.029530,65.45090,-15.75540,211.0633,-40.1030,90.863,3.70293
2009fv,0.030720,0.031080,247.43400,40.81160,64.6802,43.5088,91.424,11.68515
2009fv,0.030720,0.031080,247.43400,40.81160,64.6802,43.5088,91.424,11.68515
2009eu,0.030720,0.031080,247.17100,39.55350,62.9378,43.6846,91.424,11.37992
2006bw,0.030750,0.031320,218.48600,3.79880,353.7881,56.1902,91.513,3.51076
2006en,0.030810,0.031620,347.52100,30.22330,98.2348,-27.7426,91.690,0.82574
2006en,0.030810,0.031620,347.52100,30.22330,98.2348,-27.7426,91.690,0.82574
2000dn,0.030810,0.031480,346.27400,-3.20030,71.5904,-55.0951,91.690,0.27076
CSS160428,0.030810,0.031480,200.78000,52.64910,112.0157,63.8025,91.690,2.71690
AT2017wb,0.030930,0.031170,165.33100,70.66490,135.1632,43.7547,92.044,-0.42000
1990O,0.030930,0.030910,258.90100,16.32200,37.6523,28.3583,92.044,0.53029
2013fy,0.030990,0.030750,324.36300,-47.03190,351.8330,-47.3611,92.222,1.46845
ASASSN-15hg,0.031070,0.031430,148.45200,9.19390,227.4877,44.4654,92.458,0.70396
2008gg,0.031070,0.031140,21.34600,-18.17240,165.8245,-78.1113,92.458,0.35561
2008gg,0.031070,0.031140,21.34600,-18.17240,165.8245,-78.1113,92.458,0.35561
2010gn,0.031230,0.031470,259.45800,40.88110,65.6378,34.4503,92.930,1.06948
1999cc,0.031320,0.031160,240.67500,37.35960,59.6673,48.7406,93.196,2.68987
2001ba,0.031360,0.030960,174.50700,-32.33080,285.3903,28.0281,93.314,1.82209
2007bd,0.031410,0.031200,127.88900,-1.19940,226.0739,21.5254,93.462,1.00063
2007bd,0.031410,0.031200,127.88900,-1.19940,226.0739,21.5254,93.462,1.00063
2007bd,0.031410,0.031200,127.88900,-1.19940,226.0739,21.5254,93.462,1.00063
MASTEROTJ08,0.031560,0.031180,128.23700,-3.85790,228.7188,20.4805,93.905,1.17434
2006az,0.031580,0.032010,183.06100,56.17940,133.8884,60.1073,93.964,0.67383
010026,0.031740,0.032360,160.67400,58.84380,149.0554,51.2523,94.436,0.48976
2007ux,0.031830,0.032640,152.33300,14.99240,222.3900,50.4813,94.702,3.14594
2007ux,0.031830,0.032640,152.33300,14.99240,222.3900,50.4813,94.702,3.14594
ASASSN-15pr,0.031890,0.032640,346.66400,-12.57280,58.4430,-61.4846,94.879,0.94100
AT2017po,0.032010,0.032550,240.96500,39.99010,63.6354,48.4490,95.234,1.68159
ASASSN-16oz,0.032070,0.031920,135.05600,-13.63400,241.3988,20.6930,95.411,-0.11062
2006os,0.032120,0.032940,43.75420,16.00970,161.3828,-37.4688,95.558,3.45702
2006te,0.032120,0.032900,122.92900,41.55470,178.9787,32.0740,95.558,0.38519
2007ai,0.032120,0.032600,243.22400,-21.63020,353.0377,21.0796,95.558,-0.18032
2007ai,0.032120,0.032600,243.22400,-21.63020,353.0377,21.0796,95.558,-0.18032
2006bt,0.032410,0.031210,239.12700,20.04600,33.6868,47.2455,96.414,1.44942
2006bt,0.032410,0.031210,239.12700,20.04600,33.6868,47.2455,96.414,1.44942
2006bt,0.032410,0.031210,239.12700,20.04600,33.6868,47.2455,96.414,1.44942
2008gp,0.032450,0.033330,50.75300,1.36190,181.1196,-43.7332,96.532,0.62007
2008gp,0.032450,0.033330,50.75300,1.36190,181.1196,-43.7332,96.532,0.62007
2008gl,0.032460,0.032720,20.22840,4.80530,136.6094,-57.2816,96.562,1.12704
2008gl,0.032460,0.032720,20.22840,4.80530,136.6094,-57.2816,96.562,1.12704
2008gl,0.032460,0.032720,20.22840,4.80530,136.6094,-57.2816,96.562,1.12704
2004as,0.032500,0.032960,171.41300,22.83040,220.6786,70.1176,96.680,1.20916
2004as,0.032500,0.032960,171.41300,22.83040,220.6786,70.1176,96.680,1.20916
ATLAS17axb,0.032640,0.031430,205.84700,-19.94370,319.2578,41.2753,97.093,2.88399
2008bq,0.032790,0.031660,100.26000,-38.03860,247.0030,-18.2259,97.536,3.22330
2005iq,0.032920,0.033410,359.63500,-18.70920,64.8487,-75.2103,97.919,0.39876
2005iq,0.032920,0.033410,359.63500,-18.70920,64.8487,-75.2103,97.919,0.39876
PS15bsq,0.033090,0.033710,355.46700,-8.63790,78.0295,-65.2507,98.421,0.25639
2006S,0.033100,0.033930,191.41300,35.08680,131.4100,81.9460,98.451,-0.27665
ASASSN-16bc,0.033140,0.032980,181.35700,-21.40040,288.8614,40.2109,98.569,0.12071
2003gn,0.033160,0.033750,338.46500,20.80240,84.5972,-31.6396,98.628,0.13218
2003cq,0.033230,0.033780,179.05900,60.52200,134.8352,55.3122,98.834,0.76289
2010ag,0.033360,0.033350,255.97300,31.50170,53.7551,35.5506,99.218,2.11311
SN2017cii,0.033370,0.032890,248.33300,23.73130,42.0896,40.1874,99.247,0.35748
2004L,0.033440,0.033730,156.76700,16.01870,223.7860,54.7931,99.454,1.16845
2003iv,0.033510,0.034910,42.53020,12.84620,162.4952,-40.7349,99.660,2.10530
2006gr,0.033520,0.034280,338.09500,30.82870,90.7395,-23.2125,99.690,-0.36035
2006gr,0.033520,0.034280,338.09500,30.82870,90.7395,-23.2125,99.690,-0.36035
2005eu,0.033690,0.035160,36.93030,28.17680,147.4780,-30.0653,100.191,4.54856
2005eu,0.033690,0.035160,36.93030,28.17680,147.4780,-30.0653,100.191,4.54856
ATLAS17ajs,0.033700,0.034510,171.97700,27.34580,207.4472,71.4534,100.221,3.01787
SN2016hpx,0.033700,0.032820,90.81940,-26.89860,232.9531,-21.8301,100.221,-0.69501
2003kc,0.034100,0.034790,146.64300,30.65530,196.5683,49.6628,101.400,-0.06305
2011dl,0.034320,0.034030,244.52100,21.55110,37.9334,42.9193,102.049,1.35463
ASASSN-15tg,0.034450,0.035290,5.17100,25.22900,114.2017,-37.1209,102.433,-0.51500
1996bl,0.034810,0.034590,9.07490,11.39460,116.9916,-51.3025,103.494,-0.07611
ASASSN-15jl,0.034920,0.035120,230.67100,50.97660,83.2107,52.8407,103.818,-0.32984
AT2016fbk,0.034950,0.035760,26.02720,34.38270,135.1391,-27.2374,103.907,1.93954
2016fbk,0.034950,0.035760,26.02720,34.38270,135.1391,-27.2374,103.907,1.93954
2008at,0.034970,0.035220,156.80100,71.41570,137.4177,41.4148,103.966,3.88284
ASASSN-15mi,0.035010,0.035850,210.81500,41.60410,82.0813,69.3645,104.084,-0.32623
2007hu,0.035180,0.035510,254.12500,27.97790,49.0602,36.2830,104.585,6.53699
2007ba,0.035330,0.034410,229.17800,7.39660,9.8941,50.3387,105.027,6.82882
PTSS-16efw,0.035420,0.035680,263.90800,8.80900,32.3160,20.8216,105.292,0.12525
2001ck,0.035440,0.036160,219.45900,30.48390,47.4785,66.5069,105.351,0.65549
1994T,0.035640,0.035830,200.37800,-2.14900,318.0165,59.8390,105.940,0.08722
ASASSN-16dw,0.035650,0.034370,202.50300,-27.97390,313.2271,34.1255,105.970,4.33239
1992bg,0.035740,0.035150,115.48600,-62.51940,274.6115,-18.3464,106.235,0.88059
ASASSN-15lu,0.035770,0.036350,200.30400,40.26570,99.6913,75.4898,106.324,-0.13596
ASASSN-16db,0.035890,0.037300,167.35700,29.57320,200.6825,67.4689,106.677,6.08315
2002hu,0.035910,0.037050,34.58360,37.46630,141.4404,-22.2625,106.736,2.69180
ASASSN-15ss,0.035920,0.035990,93.13910,-14.25750,221.5376,-14.9477,106.766,1.30599
PS15bbn,0.036020,0.036240,315.99000,13.36840,61.7500,-21.5808,107.060,-0.13790
2006mo,0.036160,0.037020,11.66060,36.33270,121.8525,-26.5290,107.473,0.66623
2001eh,0.036270,0.037250,24.55040,41.65520,132.2258,-20.3711,107.797,0.07907
2001eh,0.036270,0.037250,24.55040,41.65520,132.2258,-20.3711,107.797,0.07907
2002G,0.036310,0.037020,196.98000,34.08510,96.9473,82.1935,107.915,2.06256
2002G,0.036310,0.037020,196.98000,34.08510,96.9473,82.1935,107.915,2.06256
ASASSN-15bc,0.036390,0.037530,61.56100,-8.88560,200.7779,-40.5988,108.150,0.01351
2008gb,0.036410,0.037960,44.48800,46.86570,144.3313,-10.6819,108.209,1.22743
2008hj,0.036430,0.036820,1.00800,-11.16870,85.7293,-70.5347,108.268,-0.52418
2008hj,0.036430,0.036820,1.00800,-11.16870,85.7293,-70.5347,108.268,-0.52418
2000cf,0.036460,0.037070,238.23400,65.93690,99.8830,42.1655,108.356,-0.29493
2007jg,0.036520,0.037560,52.46170,0.05680,184.0099,-43.2571,108.533,1.23717
2007jg,0.036520,0.037560,52.46170,0.05680,184.0099,-43.2571,108.533,1.23717
2008ei,0.036540,0.037020,334.38800,33.25590,89.4516,-19.4280,108.592,-0.27566
2002eu,0.036720,0.037900,27.43170,32.62860,136.9053,-28.6566,109.122,2.09869
AT2016hns,0.037040,0.037400,324.92100,24.40650,76.6253,-20.7647,110.065,-0.54637
2000dg,0.037250,0.036970,1.55750,8.88820,104.4495,-52.3537,110.683,2.42249
2007O,0.037320,0.038180,224.02200,45.40470,77.6536,59.2481,110.889,0.73769
2007O,0.037320,0.038180,224.02200,45.40470,77.6536,59.2481,110.889,0.73769
2009bv,0.037480,0.038480,196.83500,35.78440,102.5521,80.7058,111.360,1.77699
AT2016cvw,0.037610,0.037870,341.55300,10.55880,79.8429,-41.6036,111.743,1.27642
SN2017ciy,0.037620,0.038340,256.02900,25.05290,46.1868,33.8482,111.773,2.02878
2008fr,0.037900,0.038280,17.95480,14.64080,130.3014,-47.9391,112.597,1.88579
ASASSN-15pn,0.038000,0.039090,60.85980,-5.49200,196.4738,-39.5255,112.891,-0.08811
ASASSN-15np,0.038320,0.038840,226.51100,7.56150,7.6751,52.5993,113.833,3.67167
2008051,0.038350,0.038730,229.99500,4.90460,7.4944,48.2360,113.921,7.05033
2010dw,0.038710,0.039020,230.66800,-5.92110,356.4957,40.7196,114.981,0.31537
PS15cze,0.038910,0.040350,56.84760,0.87720,186.7347,-39.2922,115.569,2.11692
1999aw,0.039280,0.039100,165.40200,-6.10880,260.2428,47.4532,116.658,0.68701
2008O,0.039400,0.038470,104.39400,-45.81230,255.7973,-18.0807,117.011,4.29781
SN2016glz,0.039750,0.040770,1.47320,8.43020,104.1013,-52.7683,118.040,2.65882
2008dr,0.039960,0.040140,332.71500,2.10820,63.5346,-41.5360,118.658,1.26846
2003fa,0.040150,0.040560,266.03200,40.88100,66.6341,29.5533,119.217,0.13020
2003fa,0.040150,0.040560,266.03200,40.88100,66.6341,29.5533,119.217,0.13020
2007jh,0.040230,0.041670,54.00640,1.10340,184.2139,-41.3974,119.452,0.45314
2009do,0.040270,0.040990,188.74300,50.85120,129.3474,66.0714,119.569,1.16512
SN2017coa,0.040450,0.040950,132.48000,56.09900,161.2757,38.5952,120.099,0.64701
PS16axi,0.040560,0.040890,162.03000,0.16350,250.1330,49.9540,120.422,4.50937
2001az,0.040590,0.041010,248.61500,76.02970,108.9536,34.2915,120.510,-0.14382
2007kk,0.041300,0.042850,55.59690,39.24180,155.5151,-12.5801,122.597,4.77132
2007kk,0.041300,0.042850,55.59690,39.24180,155.5151,-12.5801,122.597,4.77132
2006cf,0.042230,0.042680,163.51100,46.02670,165.9635,60.0871,125.329,0.49256
2014bj,0.042390,0.042580,290.66300,43.89080,75.7524,13.2407,125.799,0.00000
2006cz,0.042510,0.042680,222.15300,-4.74190,348.9923,47.3773,126.152,0.49807
ASASSN-16ct,0.042520,0.043060,228.47600,4.75730,5.9404,49.3607,126.181,3.26307
AT2016htm,0.042650,0.042890,38.01090,-26.66590,217.5329,-67.6022,126.563,-0.44329
2007nq,0.042750,0.043490,14.38990,-1.38860,126.4514,-64.2185,126.857,9.01955
2007nq,0.042750,0.043490,14.38990,-1.38860,126.4514,-64.2185,126.857,9.01955
1992bl,0.042800,0.042220,348.80500,-44.74330,344.1283,-63.9245,127.004,0.43803
ASASSN-15mg,0.043070,0.044080,233.09400,41.85040,67.7394,54.1274,127.796,-0.19195
SN2016ayg,0.043280,0.043490,112.57200,25.03210,193.9685,19.2069,128.413,0.00000
2006gt,0.043660,0.044640,14.07210,-1.62940,125.7458,-64.4746,129.529,7.38601
MASTERJ0134,0.043910,0.043690,23.56270,-17.81210,171.8172,-76.4263,130.262,0.48287
2005ku,0.043970,0.044390,344.92700,-0.01370,73.6133,-51.8516,130.438,-0.32414
AT2016cvv,0.044040,0.044380,290.12000,54.20870,85.4158,17.7035,130.644,0.00000
2006hx,0.044290,0.044870,18.48880,0.37170,134.9808,-61.9721,131.378,0.00000
PS16cqa,0.044330,0.045210,234.77900,9.29460,16.7684,46.6503,131.495,1.36596
SN2016esh,0.044880,0.045830,241.06000,16.69020,30.0843,44.3602,133.109,4.88256
2005hc,0.044960,0.045750,29.19980,-0.21370,155.8706,-58.8409,133.343,1.13253
2005hc,0.044960,0.045750,29.19980,-0.21370,155.8706,-58.8409,133.343,1.13253
PSNJ1204051,0.045020,0.045450,181.02100,14.06810,260.3523,72.8957,133.519,0.97211
1992bh,0.045100,0.044400,74.86280,-58.83040,267.8515,-37.3288,133.754,-0.49938
2005lz,0.045410,0.046430,32.70730,34.98280,140.8241,-25.1155,134.663,0.00000
PS17tn,0.045490,0.045900,145.80700,41.31730,180.1348,49.1548,134.898,-0.16169
AT2016ews,0.046120,0.046310,225.65200,23.35280,33.0319,60.1829,136.745,1.47624
2008050,0.046270,0.046250,204.19800,5.14180,331.1103,65.5015,137.185,-0.66720
2004gu,0.046700,0.046640,191.60300,11.94890,298.2462,74.7749,138.445,0.60275
360156,0.046730,0.046560,150.80700,1.89530,237.7062,42.4979,138.533,1.54050
2016afk,0.046770,0.047380,155.62500,15.09660,224.4186,53.4063,138.650,2.90737
2008cf,0.046920,0.046820,211.88600,-26.55180,323.3489,33.2847,139.090,0.77629
2008cf,0.046920,0.046820,211.88600,-26.55180,323.3489,33.2847,139.090,0.77629
PS16fa,0.047340,0.047600,154.81900,4.76170,237.7514,47.4227,140.321,1.75048
AT2017yk,0.047640,0.046910,146.13300,-12.30820,247.7699,29.9237,141.200,1.01170
PS15aii,0.047680,0.047770,191.19000,9.75970,297.4345,72.5601,141.317,0.81345
ATLAS16agv,0.047770,0.048190,250.29000,50.97240,78.2617,40.9890,141.581,0.00000
ASASSN-15pm,0.047770,0.048370,24.65040,-4.67980,151.6144,-64.8917,141.581,0.96665
PS17akj,0.047800,0.047770,207.45500,-3.08000,330.1876,56.6703,141.668,-0.40967
AT2016gmg,0.048390,0.048650,320.92400,33.11470,80.5126,-12.1508,143.397,0.00000
1995ac,0.048670,0.048600,341.39200,-8.75130,58.6937,-55.0490,144.216,0.29693
PS16el,0.048960,0.049400,162.80200,19.36250,222.2191,61.3919,145.066,0.66700
2006cq,0.049280,0.049440,201.10500,30.95630,62.8613,81.8415,146.002,1.02593
2007kh,0.049440,0.050320,48.80040,43.17030,148.9200,-12.3303,146.471,0.00000
PS15asb,0.049520,0.049890,215.08500,-9.30090,336.5996,47.6750,146.705,-0.04886
ASASSN-17eb,0.049700,0.050440,234.64200,13.34780,21.9872,48.6760,147.232,-0.05200
1998dx,0.049800,0.050180,272.80000,49.86130,77.6740,26.6671,147.524,0.00000
AT2016cor,0.049950,0.050660,236.13000,16.30350,26.9600,48.5879,147.963,1.11339
PS16dnp,0.049980,0.050230,344.91500,2.14980,75.8818,-50.2247,148.051,0.00000
1990af,0.050180,0.049340,323.74700,-62.73710,330.8193,-42.2362,148.636,0.12092
1993ag,0.050190,0.049850,150.89400,-35.46260,268.4334,15.9288,148.665,-0.52794
PS15brr,0.050630,0.050490,358.35600,-15.65450,70.4150,-72.3084,149.953,-0.24666
2008hu,0.050710,0.050520,122.31200,-18.65360,238.5579,7.7572,150.187,0.00000
PS16fbb,0.051390,0.051060,1.76310,-20.69680,62.9544,-77.9984,152.176,0.68365
1993O,0.051480,0.051940,202.78500,-33.21520,312.4151,28.9244,152.439,7.34190
ASASSN-16hc,0.051650,0.051510,209.76800,33.13900,59.3937,74.2144,152.936,0.76063
2003ic,0.051960,0.051260,10.45930,-9.30530,115.2323,-72.0334,153.842,1.50238
AT2016htn,0.052290,0.052220,32.87110,-16.51020,187.2375,-68.6475,154.807,2.15833
2006ot,0.052320,0.052020,33.77020,-20.76620,199.0091,-69.8898,154.894,0.61254
2006ot,0.052320,0.052020,33.77020,-20.76620,199.0091,-69.8898,154.894,0.61254
PS16n,0.052680,0.053090,75.93330,3.41250,196.7007,-22.0347,155.946,0.00000
2010dt,0.052910,0.053160,250.81100,32.67510,54.1373,40.0681,156.619,0.31043
PS16evk,0.053200,0.052620,338.34400,-1.35700,64.9731,-48.0663,157.466,1.12126
PS16bby,0.054300,0.054680,215.07500,-22.18900,328.6457,36.2065,160.679,-0.25455
2006lu,0.054490,0.053460,138.82400,-25.60010,253.5516,15.9227,161.233,0.58152
PS16ayd,0.054850,0.054690,216.82600,-1.67530,345.4701,53.0898,162.284,0.98645
490007,0.055130,0.055410,184.26800,46.62750,139.8488,69.3557,163.102,-0.53917
SN2017cpu,0.055290,0.055020,211.96900,9.64200,352.4268,64.8824,163.569,-0.33622
2005hj,0.056310,0.057080,21.70170,-1.23810,142.5466,-62.7551,166.545,-0.22745
AT2017oz,0.056410,0.056140,211.67300,30.31880,48.3333,73.2168,166.836,-0.32740
2006py,0.056580,0.056530,340.42500,-0.13690,68.4434,-48.7850,167.332,4.55748
PS16aer,0.056680,0.056930,163.74200,14.27160,232.3961,59.9888,167.624,-0.19893
2008eq,0.056800,0.057280,255.03000,23.13240,43.6467,34.1399,167.974,0.27021
SN2016gmb,0.057080,0.058300,8.68610,-6.15890,111.4643,-68.6582,168.790,0.78790
2006ob,0.057600,0.058240,27.95060,0.26330,153.2990,-59.0026,170.306,0.00000
2006ob,0.057600,0.058240,27.95060,0.26330,153.2990,-59.0026,170.306,0.00000
2001ah,0.058370,0.058860,167.62400,55.16080,149.1383,56.5283,172.551,0.40972
2001ah,0.058370,0.058860,167.62400,55.16080,149.1383,56.5283,172.551,0.40972
LSQ13crf,0.059340,0.059740,47.70930,1.42190,178.1899,-45.9581,175.376,0.00000
SN2016hhv,0.060670,0.061210,353.95200,20.70880,100.0513,-38.7794,179.249,0.00000
SN2017cjv,0.060790,0.060920,152.69000,-3.77750,245.1947,40.4329,179.598,3.67319
2008go,0.061160,0.061370,332.68700,-20.78810,33.8695,-52.9023,180.675,2.59480
2008go,0.061160,0.061370,332.68700,-20.78810,33.8695,-52.9023,180.675,2.59480
2008bz,0.061300,0.060990,189.74100,11.12950,291.9455,73.7346,181.082,0.21227
2008bz,0.061300,0.060990,189.74100,11.12950,291.9455,73.7346,181.082,0.21227
2006oa,0.061420,0.061530,320.92900,-0.84350,51.7357,-33.7407,181.431,-0.30752
1992bs,0.063700,0.063720,52.37490,-37.27180,240.0264,-55.3365,188.061,0.99574
PS16bnz,0.063980,0.064460,155.15400,-2.46680,246.0583,43.1452,188.875,2.40526
SN2016aqb,0.064190,0.063840,170.49300,-13.98370,272.3268,43.5080,189.485,-0.12422
2007ae,0.064850,0.065330,255.46700,79.03180,111.4788,31.7061,191.403,0.00000
PS15cms,0.066030,0.066270,149.64600,0.74300,238.0345,40.8809,194.829,1.08620
6057,0.066520,0.066540,52.55360,-0.97460,185.2035,-43.8261,196.251,-0.17421
SN2016ixf,0.067230,0.067110,159.93600,15.03470,227.7416,57.1153,198.311,0.13518
AT2016aj,0.067310,0.067250,70.60250,-21.72440,220.4258,-37.5927,198.543,3.64497
PS15bjg,0.067580,0.067860,343.79300,-0.41020,71.8443,-51.3655,199.327,0.00000
